"Dataset","Method","w","SWSA","Ties","NoDir","Directional","n_indep","P_inc","CI_lo","CI_hi","p"
"Nestorowa HSC","ACPL",1,77.332,54.403,77.202,0.13,875,0.5029,0.4692,0.5365,0.8924
"Nestorowa HSC","ACPL",2,77.059,54.275,77.138,-0.078,425,0.4941,0.4456,0.5427,0.8462
"Nestorowa HSC","ACPL",5,77.755,55.144,77.572,0.183,169,0.497,0.4193,0.5748,1
"Nestorowa HSC","ACPL",10,77.068,54.293,77.147,-0.079,82,0.5244,0.4111,0.6359,0.7407
"Nestorowa HSC","ACPL",20,76.526,53.158,76.579,-0.053,46,0.4783,0.3289,0.6305,0.883
"Nestorowa HSC","ACPL",50,75.829,51.765,75.882,-0.053,21,0.4762,0.2571,0.7022,1
"Nestorowa HSC","ACPL",100,74.615,50.495,75.247,-0.632,7,0.4286,0.099,0.8159,1
"Nestorowa HSC","ACPL",200,71.163,43.663,71.831,-0.669,5,0.4,0.0527,0.8534,1
"Nestorowa HSC","MST",1,75.039,50.182,75.091,-0.052,956,0.499,0.4668,0.5311,0.9742
"Nestorowa HSC","MST",2,75.13,50.678,75.339,-0.209,479,0.499,0.4533,0.5447,1
"Nestorowa HSC","MST",5,75.822,51.07,75.535,0.287,189,0.5132,0.4396,0.5864,0.7712
"Nestorowa HSC","MST",10,75.812,51.414,75.707,0.105,96,0.5104,0.4063,0.6139,0.9188
"Nestorowa HSC","MST",20,74.632,48.684,74.342,0.289,53,0.4906,0.3506,0.6316,1
"Nestorowa HSC","MST",50,76.578,50.642,75.321,1.257,21,0.5238,0.2978,0.7429,1
"Nestorowa HSC","MST",100,75.659,47.198,73.599,2.06,10,0.5,0.1871,0.8129,1
"Nestorowa HSC","MST",200,76.337,44.419,72.209,4.128,5,0.6,0.1466,0.9473,1
"Nestorowa HSC","Slingshot",1,76.133,52.632,76.316,-0.182,909,0.4961,0.4632,0.5292,0.8423
"Nestorowa HSC","Slingshot",2,75.86,52.138,76.069,-0.209,469,0.4947,0.4485,0.5409,0.8535
"Nestorowa HSC","Slingshot",5,75.875,51.645,75.822,0.052,169,0.503,0.4252,0.5807,1
"Nestorowa HSC","Slingshot",10,76.387,52.984,76.492,-0.105,85,0.5059,0.3952,0.6161,1
"Nestorowa HSC","Slingshot",20,76.263,52.632,76.316,-0.053,45,0.5333,0.3787,0.6834,0.766
"Nestorowa HSC","Slingshot",50,74.92,50.267,75.134,-0.214,14,0.5,0.2304,0.7696,1
"Nestorowa HSC","Slingshot",100,74.725,48.462,74.231,0.495,8,0.5,0.157,0.843,1
"Nestorowa HSC","Slingshot",200,74.128,45.581,72.791,1.337,3,0.6667,0.0943,0.9916,1
"Buettner mESC","ACPL",1,75.958,51.568,75.784,0.174,139,0.5036,0.4176,0.5894,1
"Buettner mESC","ACPL",2,75.524,52.098,76.049,-0.524,63,0.4921,0.3638,0.6211,1
"Buettner mESC","ACPL",5,75.972,52.297,76.148,-0.177,33,0.4848,0.308,0.6646,1
"Buettner mESC","ACPL",10,75.54,51.799,75.899,-0.36,15,0.4667,0.2127,0.7341,1
"Buettner mESC","ACPL",20,72.015,47.388,73.694,-1.679,10,0.4,0.1216,0.7376,0.7539
"Buettner mESC","ACPL",50,67.227,39.496,69.748,-2.521,2,0,0,0.8419,0.5
"Buettner mESC","ACPL",100,60.638,23.936,61.968,-1.33,1,0,0,0.975,1
"Buettner mESC","ACPL",200,71.591,27.273,63.636,7.955,1,0,0,0.975,1
"Buettner mESC","MST",1,73.519,45.296,72.648,0.871,157,0.5159,0.4349,0.5963,0.7497
"Buettner mESC","MST",2,74.825,47.203,73.601,1.224,79,0.519,0.4036,0.6329,0.8221
"Buettner mESC","MST",5,71.731,41.696,70.848,0.883,27,0.5185,0.3195,0.7133,1
"Buettner mESC","MST",10,76.978,48.561,74.281,2.698,14,0.5,0.2304,0.7696,1
"Buettner mESC","MST",20,76.493,45.896,72.948,3.545,5,0.8,0.2836,0.9949,0.375
"Buettner mESC","MST",50,81.513,42.857,71.429,10.084,3,0.6667,0.0943,0.9916,1
"Buettner mESC","MST",100,88.83,31.915,65.957,22.872,2,1,0.1581,1,0.5
"Buettner mESC","MST",200,94.318,17.045,58.523,35.795,1,1,0.025,1,1
"Buettner mESC","Slingshot",1,78.049,55.401,77.7,0.348,128,0.5078,0.418,0.5972,0.9296
"Buettner mESC","Slingshot",2,76.923,54.196,77.098,-0.175,69,0.5072,0.3841,0.6298,1
"Buettner mESC","Slingshot",5,78.799,56.89,78.445,0.353,26,0.5,0.2993,0.7007,1
"Buettner mESC","Slingshot",10,79.137,56.475,78.237,0.899,11,0.4545,0.1675,0.7662,1
"Buettner mESC","Slingshot",20,77.612,52.239,76.119,1.493,7,0.4286,0.099,0.8159,1
"Buettner mESC","Slingshot",50,78.151,41.597,70.798,7.353,4,0.5,0.0676,0.9324,1
"Buettner mESC","Slingshot",100,82.979,23.404,61.702,21.277,1,0,0,0.975,1
"Buettner mESC","Slingshot",200,90.909,14.773,57.386,33.523,1,0,0,0.975,1
"Leng hESC","ACPL",1,95.122,89.431,94.715,0.407,26,0.5385,0.3337,0.7341,0.845
"Leng hESC","ACPL",2,95.51,89.388,94.694,0.816,16,0.5625,0.2988,0.8025,0.8036
"Leng hESC","ACPL",5,95.455,87.603,93.802,1.653,5,0.6,0.1466,0.9473,1
"Leng hESC","ACPL",10,95.359,83.122,91.561,3.797,2,1,0.1581,1,0.5
"Leng hESC","ACPL",20,96.916,77.533,88.767,8.15,2,1,0.1581,1,0.5
"Leng hESC","ACPL",50,98.477,49.746,74.873,23.604,2,1,0.1581,1,0.5
"Leng hESC","ACPL",100,100,4.762,52.381,47.619,2,1,0.1581,1,0.5
"Leng hESC","ACPL",200,100,0,50,50,1,1,0.025,1,1
"Leng hESC","MST",1,91.057,81.707,90.854,0.203,45,0.5111,0.3577,0.663,1
"Leng hESC","MST",2,92.245,83.265,91.633,0.612,19,0.5263,0.2886,0.7555,1
"Leng hESC","MST",5,92.562,81.405,90.702,1.86,8,0.625,0.2449,0.9148,0.7266
"Leng hESC","MST",10,94.515,81.013,90.506,4.008,2,1,0.1581,1,0.5
"Leng hESC","MST",20,94.273,72.247,86.123,8.15,2,1,0.1581,1,0.5
"Leng hESC","MST",50,97.97,50.761,75.381,22.589,2,1,0.1581,1,0.5
"Leng hESC","MST",100,100,8.163,54.082,45.918,2,1,0.1581,1,0.5
"Leng hESC","MST",200,100,0,50,50,1,1,0.025,1,1
"Leng hESC","Slingshot",1,94.715,89.024,94.512,0.203,27,0.5185,0.3195,0.7133,1
"Leng hESC","Slingshot",2,95.51,89.796,94.898,0.612,13,0.5385,0.2513,0.8078,1
"Leng hESC","Slingshot",5,95.455,87.603,93.802,1.653,11,0.5455,0.2338,0.8325,1
"Leng hESC","Slingshot",10,95.359,83.544,91.772,3.586,5,0.6,0.1466,0.9473,1
"Leng hESC","Slingshot",20,96.035,76.211,88.106,7.93,3,0.6667,0.0943,0.9916,1
"Leng hESC","Slingshot",50,97.97,49.239,74.619,23.35,3,0.6667,0.0943,0.9916,1
"Leng hESC","Slingshot",100,100,6.122,53.061,46.939,1,1,0.025,1,1
"Leng hESC","Slingshot",200,100,0,50,50,1,1,0.025,1,1
"Richard T cells","ACPL",1,69.527,38.879,69.44,0.088,349,0.5014,0.4477,0.5551,1
"Richard T cells","ACPL",2,70.877,42.807,71.404,-0.526,164,0.4939,0.4151,0.573,0.9378
"Richard T cells","ACPL",5,67.549,36.508,68.254,-0.705,75,0.4667,0.3505,0.5855,0.6445
"Richard T cells","ACPL",10,70.285,39.146,69.573,0.712,31,0.5161,0.3306,0.6985,1
"Richard T cells","ACPL",20,71.558,42.391,71.196,0.362,15,0.5333,0.2659,0.7873,1
"Richard T cells","ACPL",50,70.307,41.188,70.594,-0.287,6,0.6667,0.2228,0.9567,0.6875
"Richard T cells","ACPL",100,68.644,38.347,69.174,-0.53,3,0.6667,0.0943,0.9916,1
"Richard T cells","ACPL",200,62.097,34.409,67.204,-5.108,1,1,0.025,1,1
"Richard T cells","MST",1,68.476,38.004,69.002,-0.525,354,0.4915,0.4383,0.5449,0.7905
"Richard T cells","MST",2,70.877,40.526,70.263,0.614,169,0.5207,0.4427,0.598,0.6445
"Richard T cells","MST",5,68.078,37.213,68.607,-0.529,79,0.4937,0.3792,0.6086,1
"Richard T cells","MST",10,69.039,37.189,68.594,0.445,35,0.4857,0.3138,0.6601,1
"Richard T cells","MST",20,69.746,38.225,69.112,0.634,18,0.5556,0.3076,0.7847,0.8145
"Richard T cells","MST",50,71.456,40.421,70.211,1.245,9,0.4444,0.137,0.788,1
"Richard T cells","MST",100,69.915,35.805,67.903,2.013,3,0.6667,0.0943,0.9916,1
"Richard T cells","MST",200,76.882,40.054,70.027,6.855,1,1,0.025,1,1
"Richard T cells","Slingshot",1,69.352,38.879,69.44,-0.088,349,0.4986,0.4449,0.5523,1
"Richard T cells","Slingshot",2,68.421,38.07,69.035,-0.614,167,0.4731,0.3954,0.5517,0.536
"Richard T cells","Slingshot",5,67.196,33.686,66.843,0.353,68,0.5,0.3762,0.6238,1
"Richard T cells","Slingshot",10,69.751,38.968,69.484,0.267,32,0.4688,0.2909,0.6526,0.8601
"Richard T cells","Slingshot",20,68.478,37.5,68.75,-0.272,15,0.4667,0.2127,0.7341,1
"Richard T cells","Slingshot",50,69.54,36.782,68.391,1.149,5,0.6,0.1466,0.9473,1
"Richard T cells","Slingshot",100,68.008,33.263,66.631,1.377,4,0.5,0.0676,0.9324,1
"Richard T cells","Slingshot",200,72.312,39.516,69.758,2.554,1,1,0.025,1,1
